{"cameraMode":{"drawMode":0,"name":"Shaded","section":"Shading Mode"},"sceneLighting":true,"audioPlay":false,"sceneViewState":{"m_AlwaysRefresh":false,"showFog":true,"showSkybox":true,"showFlares":true,"showImageEffects":true,"showParticleSystems":true,"showVisualEffectGraphs":true,"m_FxEnabled":true},"in2DMode":false,"pivot":{"x":6.934242248535156,"y":1.4390437602996827,"z":5.247190952301025},"rotation":{"x":0.035640742629766467,"y":-0.0488528236746788,"z":-0.001742100459523499,"w":-0.9981788396835327},"size":7.030216693878174,"orthographic":false}