{"cameraMode":{"drawMode":0,"name":"Shaded","section":"Shading Mode"},"sceneLighting":true,"audioPlay":false,"sceneViewState":{"m_AlwaysRefresh":false,"showFog":true,"showSkybox":true,"showFlares":true,"showImageEffects":true,"showParticleSystems":true,"showVisualEffectGraphs":true,"m_FxEnabled":true},"in2DMode":false,"pivot":{"x":2.0364277362823488,"y":1.3556747436523438,"z":0.4898338317871094},"rotation":{"x":-0.02854713797569275,"y":0.1336408257484436,"z":-0.0038503168616443874,"w":-0.990614652633667},"size":23.91269874572754,"orthographic":false}